,f1-score,precision,recall,support
0,0.9994979919678715,0.9994979919678715,0.9994979919678715,1992.0
1,0.875,0.875,0.875,8.0
macro avg,0.9372489959839357,0.9372489959839357,0.9372489959839357,2000.0
micro avg,0.999,0.999,0.999,2000.0
weighted avg,0.999,0.999,0.999,2000.0
