,f1-score,precision,recall,support
0,0.9997490589711417,0.9994982438534872,1.0,1992.0
1,0.9333333333333333,1.0,0.875,8.0
macro avg,0.9665411961522375,0.9997491219267436,0.9375,2000.0
micro avg,0.9995,0.9995,0.9995,2000.0
weighted avg,0.9994833960685905,0.9995002508780731,0.9995,2000.0
