,f1-score,precision,recall,support
0,0.9997489329651017,1.0,0.9994979919678715,1992.0
1,0.9411764705882353,0.8888888888888888,1.0,8.0
macro avg,0.9704627017766685,0.9444444444444444,0.9997489959839357,2000.0
micro avg,0.9995,0.9995,0.9995,2000.0
weighted avg,0.9995146431155942,0.9995555555555555,0.9995,2000.0
