,f1-score,precision,recall,support
0,0.9992475545522949,0.9984962406015038,1.0,1992.0
1,0.7692307692307693,1.0,0.625,8.0
macro avg,0.8842391618915321,0.9992481203007519,0.8125,2000.0
micro avg,0.9985,0.9985,0.9985,2000.0
weighted avg,0.9983274874110087,0.9985022556390977,0.9985,2000.0
