,f1-score,precision,recall,support
0,0.9984917043740573,1.0,0.9969879518072289,1992.0
1,0.7272727272727273,0.5714285714285714,1.0,8.0
macro avg,0.8628822158233923,0.7857142857142857,0.9984939759036144,2000.0
micro avg,0.997,0.997,0.997,2000.0
weighted avg,0.997406828465652,0.9982857142857143,0.997,2000.0
